{
  "content": [
    {
      "path": "ContentInfo/daghb-enev/Thumbnail.jpg",
      "size": 13520,
      "date": 132386306720000000
    },
    {
      "path": "MaterialLibs/daghb-enev/Library.xml",
      "size": 11530,
      "date": 132618370128770781
    },
    {
      "path": "MaterialLibs/daghb-enev/textures/GATE-NUMBER-21.PNG.DDS",
      "size": 349700,
      "date": 132618347312643487
    },
    {
      "path": "MaterialLibs/daghb-enev/textures/gate-number-21.png.DDS.FLAGS",
      "size": 39,
      "date": 132618309048314332
    },
    {
      "path": "MaterialLibs/daghb-enev/textures/GATE-NUMBER-21.PNG.DDS.json",
      "size": 249,
      "date": 132618347312442888
    },
    {
      "path": "MaterialLibs/daghb-enev/textures/GATE-NUMBER-22.PNG.DDS",
      "size": 349700,
      "date": 132618347325088376
    },
    {
      "path": "MaterialLibs/daghb-enev/textures/gate-number-22.png.DDS.FLAGS",
      "size": 39,
      "date": 132618310997917325
    },
    {
      "path": "MaterialLibs/daghb-enev/textures/GATE-NUMBER-22.PNG.DDS.json",
      "size": 249,
      "date": 132618347325028323
    },
    {
      "path": "MaterialLibs/daghb-enev/textures/GATE-NUMBER-23.PNG.DDS",
      "size": 349700,
      "date": 132618347315836908
    },
    {
      "path": "MaterialLibs/daghb-enev/textures/gate-number-23.png.DDS.FLAGS",
      "size": 39,
      "date": 132618311351830328
    },
    {
      "path": "MaterialLibs/daghb-enev/textures/GATE-NUMBER-23.PNG.DDS.json",
      "size": 249,
      "date": 132618347315776819
    },
    {
      "path": "MaterialLibs/daghb-enev/textures/GATE-NUMBER-24.PNG.DDS",
      "size": 349700,
      "date": 132618347330102473
    },
    {
      "path": "MaterialLibs/daghb-enev/textures/gate-number-24.png.DDS.FLAGS",
      "size": 39,
      "date": 132618311801456206
    },
    {
      "path": "MaterialLibs/daghb-enev/textures/GATE-NUMBER-24.PNG.DDS.json",
      "size": 249,
      "date": 132618347330052301
    },
    {
      "path": "MaterialLibs/daghb-enev/textures/GATE-NUMBER-25.PNG.DDS",
      "size": 349700,
      "date": 132618347319498911
    },
    {
      "path": "MaterialLibs/daghb-enev/textures/gate-number-25.png.DDS.FLAGS",
      "size": 39,
      "date": 132618312466616765
    },
    {
      "path": "MaterialLibs/daghb-enev/textures/GATE-NUMBER-25.PNG.DDS.json",
      "size": 249,
      "date": 132618347319275287
    },
    {
      "path": "MaterialLibs/daghb-enev/textures/GATE-NUMBER-26.PNG.DDS",
      "size": 349700,
      "date": 132618347326798343
    },
    {
      "path": "MaterialLibs/daghb-enev/textures/gate-number-26.png.DDS.FLAGS",
      "size": 39,
      "date": 132618312755708004
    },
    {
      "path": "MaterialLibs/daghb-enev/textures/GATE-NUMBER-26.PNG.DDS.json",
      "size": 249,
      "date": 132618347326738537
    },
    {
      "path": "MaterialLibs/daghb-enev/textures/GATE-NUMBER-26B.PNG.DDS",
      "size": 349700,
      "date": 132618347328436340
    },
    {
      "path": "MaterialLibs/daghb-enev/textures/gate-number-26B.png.DDS.FLAGS",
      "size": 39,
      "date": 132618314270659052
    },
    {
      "path": "MaterialLibs/daghb-enev/textures/GATE-NUMBER-26B.PNG.DDS.json",
      "size": 248,
      "date": 132618347328376434
    },
    {
      "path": "MaterialLibs/daghb-enev/textures/GATE-NUMBER-27.PNG.DDS",
      "size": 349700,
      "date": 132618347317425606
    },
    {
      "path": "MaterialLibs/daghb-enev/textures/gate-number-27.png.DDS.FLAGS",
      "size": 39,
      "date": 132618314952002567
    },
    {
      "path": "MaterialLibs/daghb-enev/textures/GATE-NUMBER-27.PNG.DDS.json",
      "size": 249,
      "date": 132618347317375742
    },
    {
      "path": "MaterialLibs/daghb-enev/textures/GATE-NUMBER-28.PNG.DDS",
      "size": 349700,
      "date": 132618347323518315
    },
    {
      "path": "MaterialLibs/daghb-enev/textures/gate-number-28.png.DDS.FLAGS",
      "size": 39,
      "date": 132618315288591697
    },
    {
      "path": "MaterialLibs/daghb-enev/textures/GATE-NUMBER-28.PNG.DDS.json",
      "size": 249,
      "date": 132618347323458564
    },
    {
      "path": "MaterialLibs/daghb-enev/textures/GATE-NUMBER-29.PNG.DDS",
      "size": 349700,
      "date": 132618347314317106
    },
    {
      "path": "MaterialLibs/daghb-enev/textures/gate-number-29.png.DDS.FLAGS",
      "size": 39,
      "date": 132618315605701551
    },
    {
      "path": "MaterialLibs/daghb-enev/textures/GATE-NUMBER-29.PNG.DDS.json",
      "size": 249,
      "date": 132618347314266914
    },
    {
      "path": "MaterialLibs/daghb-enev/textures/GATE-NUMBER-30.PNG.DDS",
      "size": 349700,
      "date": 132618347321658319
    },
    {
      "path": "MaterialLibs/daghb-enev/textures/gate-number-30.png.DDS.FLAGS",
      "size": 39,
      "date": 132618315883004488
    },
    {
      "path": "MaterialLibs/daghb-enev/textures/GATE-NUMBER-30.PNG.DDS.json",
      "size": 249,
      "date": 132618347321458322
    },
    {
      "path": "MaterialLibs/daghb-enev/textures/RED-PLATE.PNG.DDS",
      "size": 5592580,
      "date": 132618370134737395
    },
    {
      "path": "MaterialLibs/daghb-enev/textures/red-plate.png.DDS.FLAGS",
      "size": 39,
      "date": 132618365618831310
    },
    {
      "path": "MaterialLibs/daghb-enev/textures/RED-PLATE.PNG.DDS.json",
      "size": 227,
      "date": 132618370134637373
    },
    {
      "path": "MaterialLibs/daghb-enev/textures/RWY-AHEAD.PNG.DDS",
      "size": 1466164,
      "date": 132618347310956594
    },
    {
      "path": "MaterialLibs/daghb-enev/textures/rwy-ahead.png.DDS.FLAGS",
      "size": 39,
      "date": 132618324461784878
    },
    {
      "path": "MaterialLibs/daghb-enev/textures/RWY-AHEAD.PNG.DDS.json",
      "size": 247,
      "date": 132618347310764478
    },
    {
      "path": "scenery/AIRPORT.BGL",
      "size": 1243,
      "date": 132618370128290607
    },
    {
      "path": "scenery/enev-airport.bgl",
      "size": 40363,
      "date": 132618378339941737
    }
  ]
}