<Library Version="1.1.0">
	<Material Version="1.4.0" Name="Gate 26B" Guid="{B3D43BAA-CA16-4DD9-950A-467A6B8627E4}" SurfaceType="UNDEFINED" Type="CODE_DIFFUSE" Metal="0.000000" Rough="0.000000" Opacity="1.000000" BlendMode="Transparent">
		<TagList/>
		<FlagList/>
		<TextureList>
			<Texture FileName="TEXTURES\GATE-NUMBER-26B.PNG.DDS" Binding="MTL_BITMAP_DECAL0"/>
		</TextureList>
		<Attributes>
			<Diffuse Red="1.000000" Green="1.000000" Blue="1.000000"/>
			<Emissive Red="0.000000" Green="0.000000" Blue="0.000000"/>
			<UVOffset U="0.000000" V="0.000000"/>
			<UVScale U="1.000000" V="1.000000"/>
			<UVRotate>0.000000</UVRotate>
			<ExtraParameters>
				<Parameter X="0.020000" Y="0.600000" Z="0.000000" W="1.000000"/>
				<Parameter X="0.000000" Y="0.000000" Z="0.000000" W="0.000000"/>
				<Parameter X="0.000000" Y="0.000000" Z="0.000000" W="0.000000"/>
			</ExtraParameters>
		</Attributes>
	</Material>
	<Material Version="1.4.0" Name="Gate 30" Guid="{15A085B4-699D-48FA-8602-6CB248AD354D}" SurfaceType="PAINT" Type="CODE_DIFFUSE" Metal="0.000000" Rough="0.000000" Opacity="1.000000" BlendMode="Transparent">
		<TagList/>
		<FlagList/>
		<TextureList>
			<Texture FileName="TEXTURES\GATE-NUMBER-30.PNG.DDS" Binding="MTL_BITMAP_DECAL0"/>
		</TextureList>
		<Attributes>
			<Diffuse Red="1.000000" Green="1.000000" Blue="1.000000"/>
			<Emissive Red="0.000000" Green="0.000000" Blue="0.000000"/>
			<UVOffset U="0.000000" V="0.000000"/>
			<UVScale U="1.000000" V="1.000000"/>
			<UVRotate>0.000000</UVRotate>
			<ExtraParameters>
				<Parameter X="0.020000" Y="0.600000" Z="0.000000" W="1.000000"/>
				<Parameter X="0.000000" Y="0.000000" Z="0.000000" W="0.000000"/>
				<Parameter X="0.000000" Y="0.000000" Z="0.000000" W="0.000000"/>
			</ExtraParameters>
		</Attributes>
	</Material>
	<Material Version="1.4.0" Name="Gate 28" Guid="{34010598-1784-4AC9-832D-A49903867A5F}" SurfaceType="PAINT" Type="CODE_DIFFUSE" Metal="0.000000" Rough="0.000000" Opacity="1.000000" BlendMode="Transparent">
		<TagList/>
		<FlagList/>
		<TextureList>
			<Texture FileName="TEXTURES\GATE-NUMBER-28.PNG.DDS" Binding="MTL_BITMAP_DECAL0"/>
		</TextureList>
		<Attributes>
			<Diffuse Red="1.000000" Green="1.000000" Blue="1.000000"/>
			<Emissive Red="0.000000" Green="0.000000" Blue="0.000000"/>
			<UVOffset U="0.000000" V="0.000000"/>
			<UVScale U="1.000000" V="1.000000"/>
			<UVRotate>0.000000</UVRotate>
			<ExtraParameters>
				<Parameter X="0.020000" Y="0.600000" Z="0.000000" W="1.000000"/>
				<Parameter X="0.000000" Y="0.000000" Z="0.000000" W="0.000000"/>
				<Parameter X="0.000000" Y="0.000000" Z="0.000000" W="0.000000"/>
			</ExtraParameters>
		</Attributes>
	</Material>
	<Material Version="1.4.0" Name="Red plate" Guid="{12310B00-1793-4C2C-B8CC-96D6B1F807D4}" SurfaceType="PAINT" Type="CODE_DIFFUSE" Metal="0.000000" Rough="0.000000" Opacity="1.000000" BlendMode="Transparent">
		<TagList/>
		<FlagList/>
		<TextureList>
			<Texture FileName="TEXTURES\RED-PLATE.PNG.DDS" Binding="MTL_BITMAP_DECAL0"/>
		</TextureList>
		<Attributes>
			<Diffuse Red="1.000000" Green="1.000000" Blue="1.000000"/>
			<Emissive Red="0.000000" Green="0.000000" Blue="0.000000"/>
			<UVOffset U="0.000000" V="0.000000"/>
			<UVScale U="1.000000" V="1.000000"/>
			<UVRotate>0.000000</UVRotate>
			<ExtraParameters>
				<Parameter X="0.020000" Y="0.600000" Z="0.000000" W="1.000000"/>
				<Parameter X="0.000000" Y="0.000000" Z="0.000000" W="0.000000"/>
				<Parameter X="0.000000" Y="0.000000" Z="0.000000" W="0.000000"/>
			</ExtraParameters>
		</Attributes>
	</Material>
	<Material Version="1.4.0" Name="Gate 23" Guid="{3D391CA6-2679-4752-8DDE-EC08D03BE2C4}" SurfaceType="PAINT" Type="CODE_DIFFUSE" Metal="0.000000" Rough="0.000000" Opacity="1.000000" BlendMode="Transparent">
		<TagList/>
		<FlagList/>
		<TextureList>
			<Texture FileName="TEXTURES\GATE-NUMBER-23.PNG.DDS" Binding="MTL_BITMAP_DECAL0"/>
		</TextureList>
		<Attributes>
			<Diffuse Red="1.000000" Green="1.000000" Blue="1.000000"/>
			<Emissive Red="0.000000" Green="0.000000" Blue="0.000000"/>
			<UVOffset U="0.000000" V="0.000000"/>
			<UVScale U="1.000000" V="1.000000"/>
			<UVRotate>0.000000</UVRotate>
			<ExtraParameters>
				<Parameter X="0.020000" Y="0.600000" Z="0.000000" W="1.000000"/>
				<Parameter X="0.000000" Y="0.000000" Z="0.000000" W="0.000000"/>
				<Parameter X="0.000000" Y="0.000000" Z="0.000000" W="0.000000"/>
			</ExtraParameters>
		</Attributes>
	</Material>
	<Material Version="1.4.0" Name="Gate 26" Guid="{19A8EA27-4CFF-4A4E-8F21-6AB3861D5DF3}" SurfaceType="PAINT" Type="CODE_DIFFUSE" Metal="0.000000" Rough="0.000000" Opacity="1.000000" BlendMode="Transparent">
		<TagList/>
		<FlagList/>
		<TextureList>
			<Texture FileName="TEXTURES\GATE-NUMBER-26.PNG.DDS" Binding="MTL_BITMAP_DECAL0"/>
		</TextureList>
		<Attributes>
			<Diffuse Red="1.000000" Green="1.000000" Blue="1.000000"/>
			<Emissive Red="0.000000" Green="0.000000" Blue="0.000000"/>
			<UVOffset U="0.000000" V="0.000000"/>
			<UVScale U="1.000000" V="1.000000"/>
			<UVRotate>0.000000</UVRotate>
			<ExtraParameters>
				<Parameter X="0.020000" Y="0.600000" Z="0.000000" W="1.000000"/>
				<Parameter X="0.000000" Y="0.000000" Z="0.000000" W="0.000000"/>
				<Parameter X="0.000000" Y="0.000000" Z="0.000000" W="0.000000"/>
			</ExtraParameters>
		</Attributes>
	</Material>
	<Material Version="1.4.0" Name="Gate 29" Guid="{7B4CFBEB-EC63-4A33-83D9-78F0D6CDE025}" SurfaceType="PAINT" Type="CODE_DIFFUSE" Metal="0.000000" Rough="0.000000" Opacity="1.000000" BlendMode="Transparent">
		<TagList/>
		<FlagList/>
		<TextureList>
			<Texture FileName="TEXTURES\GATE-NUMBER-29.PNG.DDS" Binding="MTL_BITMAP_DECAL0"/>
		</TextureList>
		<Attributes>
			<Diffuse Red="1.000000" Green="1.000000" Blue="1.000000"/>
			<Emissive Red="0.000000" Green="0.000000" Blue="0.000000"/>
			<UVOffset U="0.000000" V="0.000000"/>
			<UVScale U="1.000000" V="1.000000"/>
			<UVRotate>0.000000</UVRotate>
			<ExtraParameters>
				<Parameter X="0.020000" Y="0.600000" Z="0.000000" W="1.000000"/>
				<Parameter X="0.000000" Y="0.000000" Z="0.000000" W="0.000000"/>
				<Parameter X="0.000000" Y="0.000000" Z="0.000000" W="0.000000"/>
			</ExtraParameters>
		</Attributes>
	</Material>
	<Material Version="1.4.0" Name="Gate 21" Guid="{F9610260-1648-465C-91A2-F1F3F12185D4}" SurfaceType="PAINT" Type="CODE_DIFFUSE" Metal="0.000000" Rough="0.000000" Opacity="1.000000" BlendMode="Transparent">
		<TagList/>
		<FlagList/>
		<TextureList>
			<Texture FileName="TEXTURES\GATE-NUMBER-21.PNG.DDS" Binding="MTL_BITMAP_DECAL0"/>
		</TextureList>
		<Attributes>
			<Diffuse Red="1.000000" Green="1.000000" Blue="1.000000"/>
			<Emissive Red="0.000000" Green="0.000000" Blue="0.000000"/>
			<UVOffset U="0.000000" V="0.000000"/>
			<UVScale U="1.000000" V="1.000000"/>
			<UVRotate>0.000000</UVRotate>
			<ExtraParameters>
				<Parameter X="0.020000" Y="0.600000" Z="0.000000" W="1.000000"/>
				<Parameter X="0.000000" Y="0.000000" Z="0.000000" W="0.000000"/>
				<Parameter X="0.000000" Y="0.000000" Z="0.000000" W="0.000000"/>
			</ExtraParameters>
		</Attributes>
	</Material>
	<Material Version="1.4.0" Name="Gate 25" Guid="{572B34A5-4773-48EF-B4E5-6D17B2BB2066}" SurfaceType="PAINT" Type="CODE_DIFFUSE" Metal="0.000000" Rough="0.000000" Opacity="1.000000" BlendMode="Transparent">
		<TagList/>
		<FlagList/>
		<TextureList>
			<Texture FileName="TEXTURES\GATE-NUMBER-25.PNG.DDS" Binding="MTL_BITMAP_DECAL0"/>
		</TextureList>
		<Attributes>
			<Diffuse Red="1.000000" Green="1.000000" Blue="1.000000"/>
			<Emissive Red="0.000000" Green="0.000000" Blue="0.000000"/>
			<UVOffset U="0.000000" V="0.000000"/>
			<UVScale U="1.000000" V="1.000000"/>
			<UVRotate>0.000000</UVRotate>
			<ExtraParameters>
				<Parameter X="0.020000" Y="0.600000" Z="0.000000" W="1.000000"/>
				<Parameter X="0.000000" Y="0.000000" Z="0.000000" W="0.000000"/>
				<Parameter X="0.000000" Y="0.000000" Z="0.000000" W="0.000000"/>
			</ExtraParameters>
		</Attributes>
	</Material>
	<Material Version="1.4.0" Name="RWY-ahead" Guid="{8BAFC27E-B8A8-47BA-9E3A-812F67619D78}" SurfaceType="PAINT" Type="CODE_DIFFUSE" Metal="0.000000" Rough="0.000000" Opacity="1.000000" BlendMode="Transparent">
		<TagList/>
		<FlagList/>
		<TextureList>
			<Texture FileName="TEXTURES\RWY-AHEAD.PNG.DDS" Binding="MTL_BITMAP_DECAL0"/>
		</TextureList>
		<Attributes>
			<Diffuse Red="1.000000" Green="1.000000" Blue="1.000000"/>
			<Emissive Red="0.000000" Green="0.000000" Blue="0.000000"/>
			<UVOffset U="0.000000" V="0.000000"/>
			<UVScale U="1.000000" V="1.000000"/>
			<UVRotate>0.000000</UVRotate>
			<ExtraParameters>
				<Parameter X="0.020000" Y="0.600000" Z="0.000000" W="1.000000"/>
				<Parameter X="0.000000" Y="0.000000" Z="0.000000" W="0.000000"/>
				<Parameter X="0.000000" Y="0.000000" Z="0.000000" W="0.000000"/>
			</ExtraParameters>
		</Attributes>
	</Material>
	<Material Version="1.4.0" Name="Gate 24" Guid="{60FE9B6A-BAE2-4B60-937A-077CDB961F83}" SurfaceType="PAINT" Type="CODE_DIFFUSE" Metal="0.000000" Rough="0.000000" Opacity="1.000000" BlendMode="Transparent">
		<TagList/>
		<FlagList/>
		<TextureList>
			<Texture FileName="TEXTURES\GATE-NUMBER-24.PNG.DDS" Binding="MTL_BITMAP_DECAL0"/>
		</TextureList>
		<Attributes>
			<Diffuse Red="1.000000" Green="1.000000" Blue="1.000000"/>
			<Emissive Red="0.000000" Green="0.000000" Blue="0.000000"/>
			<UVOffset U="0.000000" V="0.000000"/>
			<UVScale U="1.000000" V="1.000000"/>
			<UVRotate>0.000000</UVRotate>
			<ExtraParameters>
				<Parameter X="0.020000" Y="0.600000" Z="0.000000" W="1.000000"/>
				<Parameter X="0.000000" Y="0.000000" Z="0.000000" W="0.000000"/>
				<Parameter X="0.000000" Y="0.000000" Z="0.000000" W="0.000000"/>
			</ExtraParameters>
		</Attributes>
	</Material>
	<Material Version="1.4.0" Name="Gate 27" Guid="{EC05BDF5-76DD-41C5-8727-0774DB36383E}" SurfaceType="PAINT" Type="CODE_DIFFUSE" Metal="0.000000" Rough="0.000000" Opacity="1.000000" BlendMode="Transparent">
		<TagList/>
		<FlagList/>
		<TextureList>
			<Texture FileName="TEXTURES\GATE-NUMBER-27.PNG.DDS" Binding="MTL_BITMAP_DECAL0"/>
		</TextureList>
		<Attributes>
			<Diffuse Red="1.000000" Green="1.000000" Blue="1.000000"/>
			<Emissive Red="0.000000" Green="0.000000" Blue="0.000000"/>
			<UVOffset U="0.000000" V="0.000000"/>
			<UVScale U="1.000000" V="1.000000"/>
			<UVRotate>0.000000</UVRotate>
			<ExtraParameters>
				<Parameter X="0.020000" Y="0.600000" Z="0.000000" W="1.000000"/>
				<Parameter X="0.000000" Y="0.000000" Z="0.000000" W="0.000000"/>
				<Parameter X="0.000000" Y="0.000000" Z="0.000000" W="0.000000"/>
			</ExtraParameters>
		</Attributes>
	</Material>
	<Material Version="1.4.0" Name="Gate 22" Guid="{BE16143E-A7D8-438C-9593-F3954739AC35}" SurfaceType="PAINT" Type="CODE_DIFFUSE" Metal="0.000000" Rough="0.000000" Opacity="1.000000" BlendMode="Transparent">
		<TagList/>
		<FlagList/>
		<TextureList>
			<Texture FileName="TEXTURES\GATE-NUMBER-22.PNG.DDS" Binding="MTL_BITMAP_DECAL0"/>
		</TextureList>
		<Attributes>
			<Diffuse Red="1.000000" Green="1.000000" Blue="1.000000"/>
			<Emissive Red="0.000000" Green="0.000000" Blue="0.000000"/>
			<UVOffset U="0.000000" V="0.000000"/>
			<UVScale U="1.000000" V="1.000000"/>
			<UVRotate>0.000000</UVRotate>
			<ExtraParameters>
				<Parameter X="0.020000" Y="0.600000" Z="0.000000" W="1.000000"/>
				<Parameter X="0.000000" Y="0.000000" Z="0.000000" W="0.000000"/>
				<Parameter X="0.000000" Y="0.000000" Z="0.000000" W="0.000000"/>
			</ExtraParameters>
		</Attributes>
	</Material>
</Library>

